{"cameraMode":{"drawMode":0,"name":"Shaded","section":"Shading Mode"},"sceneLighting":true,"audioPlay":false,"sceneViewState":{"showFog":true,"showMaterialUpdate":false,"showSkybox":true,"showFlares":true,"showImageEffects":true,"showParticleSystems":true},"in2DMode":false,"pivot":{"x":-0.1772747039794922,"y":27.44243621826172,"z":3.9512581825256349},"rotation":{"x":0.11936274915933609,"y":-0.4385766088962555,"z":0.058900315314531329,"w":0.8887861967086792},"size":6.917252540588379,"orthographic":false}