{"cameraMode":{"drawMode":0,"name":"Shaded","section":"Shading Mode"},"sceneLighting":false,"audioPlay":false,"sceneViewState":{"showFog":true,"showMaterialUpdate":false,"showSkybox":false,"showFlares":true,"showImageEffects":true,"showParticleSystems":true},"in2DMode":false,"pivot":{"x":-0.0008644462795928121,"y":0.9797992706298828,"z":0.0027929942589253189},"rotation":{"x":0.08735407143831253,"y":-0.7608410120010376,"z":0.10474476218223572,"w":0.6345097422599793},"size":22.0,"orthographic":false}