{"cameraMode":{"drawMode":0,"name":"Shaded","section":"Shading Mode"},"sceneLighting":true,"audioPlay":false,"sceneViewState":{"showFog":true,"showMaterialUpdate":false,"showSkybox":true,"showFlares":true,"showImageEffects":true,"showParticleSystems":true},"in2DMode":false,"pivot":{"x":-7.659446716308594,"y":2.9226255416870119,"z":-0.7076689004898071},"rotation":{"x":-0.1249067634344101,"y":0.6833413243293762,"z":-0.12032806128263474,"w":-0.7092660665512085},"size":27.345088958740236,"orthographic":false}